-- ============================================================
-- Generated by Schema-Aware Test Data Generator
-- Timestamp: 2026-06-09 13:26:21
-- ============================================================

-- Table: categories
INSERT INTO categories (id, name, description) VALUES
  (1, 'Allison Hill', 'Say quality throughout beautiful. All behavior discussion own night respond.'),
  (2, 'Sandra Montgomery', NULL),
  (3, 'Laura Bush', 'Significant world talk term herself.
Class great prove reduce raise author. Move each left establish. Detail food shoulder argue start source husband.'),
  (4, 'Zachary Taylor', 'Sense technology check civil. Others his other life edge network. Quite boy those.
Born itself law west then enjoy. Seven medical blood personal success medical current.'),
  (5, 'Pamela Anderson', 'Close month parent who up sense ready. Human public health tonight later. Different full open discover detail.');

-- Table: customers
INSERT INTO customers (id, email, full_name, phone, city, country, created_at) VALUES
  (1, 'uowens@example.org', 'Victoria Garcia', '(551)333-3872x6247', NULL, 'Kenya', '2026-06-06 21:39:23'),
  (2, 'williamsyvette@example.org', 'Tammy Allison', NULL, 'South Todd', 'Croatia', '2026-03-19 20:58:59'),
  (3, 'martinaaron@example.com', 'Richard Gibson', NULL, 'Hortonside', 'Panama', '2026-05-20 12:01:30'),
  (4, 'smoore@example.org', 'Lauren Daniels', '001-350-309-7882x081', 'South David', 'Tuvalu', '2026-04-21 14:52:47'),
  (5, 'bethwilliams@example.org', 'Kevin Mills', '935-334-6247x510', NULL, 'Barbados', '2026-04-15 09:33:28');

-- Table: products
INSERT INTO products (id, category_id, product_name, price, stock, status) VALUES
  (1, 2, 'Derek Mahoney', 6981.69, 44, 'pending'),
  (2, 2, 'Sherry Wood', 2153.92, 98, 'pending'),
  (3, 1, 'Roy Warner', 928.36, 13, 'pending'),
  (4, 3, 'Victoria Valdez', 6037.65, 6, 'completed'),
  (5, 5, 'Robert Evans', 1249.14, 49, 'active');

-- Table: orders
INSERT INTO orders (id, customer_id, total, status, placed_at) VALUES
  (1, 5, 2932.49, 'cancelled', '2026-05-09 19:36:55'),
  (2, 3, 5773.94, 'active', NULL),
  (3, 2, 7730.9, 'active', '2026-01-21 02:44:53'),
  (4, 1, 3801.88, 'completed', '2026-01-27 01:50:31'),
  (5, 3, 1627.38, 'pending', '2026-02-21 08:30:01');

-- Table: order_items
INSERT INTO order_items (id, order_id, product_id, quantity, unit_price) VALUES
  (1, 3, 1, 78, 6350.14),
  (2, 5, 2, 21, 4623.14),
  (3, 3, 5, 29, 6846.45),
  (4, 1, 2, 5, 8050.64),
  (5, 4, 3, 9, 2110.62);
